
========================================================================================ASSIGNMENT 1==================================================================================================

create table if not exists movies(
		movie_id int not null,
		movie_name varchar(255) not null,
		movie_type varchar(50),
		movie_rating decimal(3,1),
		primary key (movie_id, movie_name)
		);
		


create table if not exists company (
	company_id int not null auto_increment,
	trade varchar(255) not null,
	number_of_employees int not null default 0,
	primary key (company_id)
	);
	

create table if not exists job_offer(
	offer_id INT NOT NULL AUTO_INCREMENT,
	offer_title VARCHAR(255) DEFAULT '',
	offer_min_salary DECIMAL(10,2) NOT NULL DEFAULT 5000,
	offer_max_salary DECIMAL(10,2) DEFAULT NULL,
	company_id INT NOT NULL,
	PRIMARY KEY (offer_id),
	FOREIGN KEY (company_id) REFERENCES company(company_id) 
	);
	
rename table movies to movies_renamed;


alter table movies_renamed 
add column movies_director varchar(255);


alter table movies_renamed
add column coulmn_id int first ;


alter table movies_renamed 
add column movie_description varchar(255) after movie_name ;

alter table movies_renamed
modify column movie_rating int ;

alter table movies_renamed
drop column movies_director;

alter table movies_renamed 
drop primary key;

alter table movies_renamed 
add primary key(movie_id);

============================================================================================================================================================================================================================================================================================================================================================
========================================================================================ASSIGNMENT 2==================================================================================================

1.

mysql> select department_id, sum(salary) as total_salary
    ->from employee
    -> group by department_id
    -> order by department_id;
+---------------+--------------+
| department_id | total_salary |
+---------------+--------------+
|            20 |        41000 |
|            30 |        30800 |
|            40 |        16900 |
|            50 |        34100 |
|            60 |        22400 |
|            70 |         2900 |
|            80 |         8900 |
|            90 |         2400 |
|           100 |        12000 |
|           110 |         2800 |
|           130 |         2500 |
|           140 |         6900 |
|           150 |         7800 |
|           160 |         7700 |
|           170 |        17200 |
+---------------+--------------+
15 rows in set (0.00 sec)

2.

mysql> select department_id, sum(salary) AS total_salary
    -> from employee
    -> group by department_id
    -> order by total_salary desc;
+---------------+--------------+
| department_id | total_salary |
+---------------+--------------+
|            20 |        41000 |
|            50 |        34100 |
|            30 |        30800 |
|            60 |        22400 |
|           170 |        17200 |
|            40 |        16900 |
|           100 |        12000 |
|            80 |         8900 |
|           150 |         7800 |
|           160 |         7700 |
|           140 |         6900 |
|            70 |         2900 |
|           110 |         2800 |
|           130 |         2500 |
|            90 |         2400 |
+---------------+--------------+
15 rows in set (0.00 sec)

3.

mysql> select  max(salary)maxsalary,department_id from employee
    -> group by department_id
    -> order by maxsalary;
+-----------+---------------+
| maxsalary | department_id |
+-----------+---------------+
|      2400 |            90 |
|      2500 |           130 |
|      2800 |           110 |
|      2900 |            70 |
|      5800 |            80 |
|      6900 |           140 |
|      7700 |           160 |
|      7800 |           150 |
|      7900 |            40 |
|      8200 |            50 |
|      9000 |            60 |
|      9000 |           170 |
|     12000 |           100 |
|     17000 |            30 |
|     24000 |            20 |
+-----------+---------------+
15 rows in set (0.00 sec)

4.

mysql> select  min(salary)minsalary,department_id from employee
    -> group by department_id
    -> order by minsalary;
+-----------+---------------+
| minsalary | department_id |
+-----------+---------------+
|      2200 |            50 |
|      2400 |            90 |
|      2500 |           130 |
|      2600 |            60 |
|      2800 |            30 |
|      2800 |           110 |
|      2900 |            70 |
|      3100 |            80 |
|      4200 |            40 |
|      6900 |           140 |
|      7700 |           160 |
|      7800 |           150 |
|      8200 |           170 |
|     12000 |           100 |
|     17000 |            20 |
+-----------+---------------+
15 rows in set (0.00 sec)

5.
select department_id ,sum(salary)as total_salary
    -> from employee
    -> group by department_id
    -> having sum(salary)>8000000
    -> order by total_salary desc;
Empty set (0.00 sec)


6.
mysql>  Select first_name, last_name, job_id ,salary from employee
    -> where first_name  like "S%";
+------------+-----------+----------+--------+
| first_name | last_name | job_id   | salary |
+------------+-----------+----------+--------+
| Steven     | King      | AD_PRES  |  24000 |
| Shelli     | Baida     | PU_CLERK |   2900 |
| Sigal      | Tobias    | PU_CLERK |   2800 |
| Shanta     | Vollman   | ST_MAN   |   6500 |
| Steven     | Markle    | ST_CLERK |   2200 |
+------------+-----------+----------+--------+
5 rows in set (0.00 sec)

7.

mysql> select * from employee
    -> where salary=(select max(salary) from employee);
+-------------+------------+-----------+-------+--------------+------------+---------+--------+----------------+------------+---------------+
| employee_id | first_name | last_name | email | phone_number | hire_date  | job_id  | salary | commission_pct | manager_id | department_id |
+-------------+------------+-----------+-------+--------------+------------+---------+--------+----------------+------------+---------------+
|         100 | Steven     | King      | SKING | 515.123.4567 | 1987-06-17 | AD_PRES |  24000 |           NULL |       NULL |            20 |
+-------------+------------+-----------+-------+--------------+------------+---------+--------+----------------+------------+---------------+
1 row in set (0.00 sec)

8.

mysql> select * from employee
    -> where salary=(select max(salary) from employee where salary< (select max(salary) from employee));
+-------------+------------+-----------+----------+--------------+------------+--------+--------+----------------+------------+---------------+
| employee_id | first_name | last_name | email    | phone_number | hire_date  | job_id | salary | commission_pct | manager_id | department_id |
+-------------+------------+-----------+----------+--------------+------------+--------+--------+----------------+------------+---------------+
|         101 | Neena      | Kochhar   | NKOCHHAR | 515.123.4568 | 1989-11-21 | AD_VP  |  17000 |           NULL |        100 |            20 |
|         102 | Lex        | De Haan   | LDEHAAN  | 515.123.4569 | 1993-09-12 | AD_VP  |  17000 |           NULL |        100 |            30 |
+-------------+------------+-----------+----------+--------------+------------+--------+--------+----------------+------------+---------------+
2 rows in set (0.02 sec)

9.
mysql> select year(hire_date) as hire_year, count(*) as hire_count
    -> from employee
    -> group by year(hire_date)
    -> order by hire_year;
+-----------+------------+
| hire_year | hire_count |
+-----------+------------+
|      1987 |          1 |
|      1989 |          1 |
|      1990 |          1 |
|      1991 |          1 |
|      1993 |          1 |
|      1994 |          3 |
|      1995 |          2 |
|      1996 |          1 |
|      1997 |         10 |
|      1998 |          4 |
|      1999 |          5 |
|      2000 |          1 |
+-----------+------------+
12 rows in set (0.02 sec)


10.

mysql> select first_name from employee where first_name like "%an%";
+-------------+
| first_name  |
+-------------+
| Alexander   |
| Diana       |
| Nancy       |
| Daniel      |
| Jose Manuel |
| Alexander   |
| Shanta      |
+-------------+
7 rows in set (0.00 sec)

11.


mysql> select * from employee
    -> where year(hire_date)=1994
    -> and month(hire_date)=8;
+-------------+------------+-----------+----------+--------------+------------+------------+--------+----------------+------------+---------------+
| employee_id | first_name | last_name | email    | phone_number | hire_date  | job_id     | salary | commission_pct | manager_id | department_id |
+-------------+------------+-----------+----------+--------------+------------+------------+--------+----------------+------------+---------------+
|         108 | Nancy      | Greenberg | NGREENBE | 515.124.4569 | 1994-08-17 | FI_MGR     |  12000 |           NULL |        101 |           100 |
|         109 | Daniel     | Faviet    | DFAVIET  | 515.124.4169 | 1994-08-12 | FI_ACCOUNT |   9000 |           NULL |        108 |           170 |
+-------------+------------+-----------+----------+--------------+------------+------------+--------+----------------+------------+---------------+
2 rows in set (0.01 sec)


12. 
mysql> select * from employee
    ->  order by salary asc
    -> limit 0,5;
+-------------+------------+-------------+----------+--------------+------------+----------+--------+----------------+------------+---------------+
| employee_id | first_name | last_name   | email    | phone_number | hire_date  | job_id   | salary | commission_pct | manager_id | department_id |
+-------------+------------+-------------+----------+--------------+------------+----------+--------+----------------+------------+---------------+
|         128 | Steven     | Markle      | SMARKLE  | 650.124.1434 | 2000-03-04 | ST_CLERK |   2200 |           NULL |        120 |            50 |
|         127 | James      | Landry      | JLANDRY  | 650.124.1334 | 1999-01-02 | ST_CLERK |   2400 |           NULL |        120 |            90 |
|         119 | Karen      | Colmenares  | KCOLMENA | 515.127.4566 | 1999-04-08 | PU_CLERK |   2500 |           NULL |        114 |           130 |
|         118 | Guy        | Himuro      | GHIMURO  | 515.127.4565 | 1998-01-02 | PU_CLERK |   2600 |           NULL |        114 |            60 |
|         126 | Irene      | Mikkilineni | IMIKKILI | 650.124.1224 | 1998-11-12 | ST_CLERK |   2700 |           NULL |        120 |            50 |
+-------------+------------+-------------+----------+--------------+------------+----------+--------+----------------+------------+---------------+
5 rows in set (0.00 sec)

13.

mysql> select * from employee
    -> where year(hire_date)>=1980
    -> and  year(hire_date)<=1989;
+-------------+------------+-----------+----------+--------------+------------+---------+--------+----------------+------------+---------------+
| employee_id | first_name | last_name | email    | phone_number | hire_date  | job_id  | salary | commission_pct | manager_id | department_id |
+-------------+------------+-----------+----------+--------------+------------+---------+--------+----------------+------------+---------------+
|         100 | Steven     | King      | SKING    | 515.123.4567 | 1987-06-17 | AD_PRES |  24000 |           NULL |       NULL |            20 |
|         101 | Neena      | Kochhar   | NKOCHHAR | 515.123.4568 | 1989-11-21 | AD_VP   |  17000 |           NULL |        100 |            20 |
+-------------+------------+-----------+----------+--------------+------------+---------+--------+----------------+------------+---------------+
2 rows in set (0.00 sec)


14.


mysql> select * from employee
    -> where day(hire_date)>15;
+-------------+------------+-----------+----------+--------------+------------+---------+--------+----------------+------------+---------------+
| employee_id | first_name | last_name | email    | phone_number | hire_date  | job_id  | salary | commission_pct | manager_id | department_id |
+-------------+------------+-----------+----------+--------------+------------+---------+--------+----------------+------------+---------------+
|         100 | Steven     | King      | SKING    | 515.123.4567 | 1987-06-17 | AD_PRES |  24000 |           NULL |       NULL |            20 |
|         101 | Neena      | Kochhar   | NKOCHHAR | 515.123.4568 | 1989-11-21 | AD_VP   |  17000 |           NULL |        100 |            20 |
|         103 | Alexander  | Hunold    | AHUNOLD  | 590.423.4567 | 1990-09-30 | IT_PROG |   9000 |           NULL |        102 |            60 |
|         104 | Bruce      | Ernst     | BERNST   | 590.423.4568 | 1991-05-21 | IT_PROG |   6000 |           NULL |        103 |            60 |
|         105 | David      | Austin    | DAUSTIN  | 590.423.4569 | 1997-06-25 | IT_PROG |   4800 |           NULL |        103 |            60 |
|         108 | Nancy      | Greenberg | NGREENBE | 515.124.4569 | 1994-08-17 | FI_MGR  |  12000 |           NULL |        101 |           100 |
|         120 | Matthew    | Weiss     | MWEISS   | 650.123.1234 | 1996-07-18 | ST_MAN  |   8000 |           NULL |        100 |            50 |
+-------------+------------+-----------+----------+--------------+------------+---------+--------+----------------+------------+---------------+
7 rows in set (0.01 sec)


15.
mysql> select  count(*) as employee_no_commision
    -> from employee
    -> where commission_pct is null;
+-----------------------+
| employee_no_commision |
+-----------------------+
|                    31 |
+-----------------------+
1 row in set (0.00 sec)

16.


mysql> select sum(salary + ifnull(commission_pct * salary, 0))as total_salary_includes from employee;
+-----------------------+
| total_salary_includes |
+-----------------------+
|                216300 |


=======================================================================================================================================================================================================================================================================


====================================================================================Assignment-3===========================================================================================================================
1.
SELECT  e.employee_id AS employee_id,  e.first_name AS employee_first_name,    e.last_name AS employee_last_name,  e.salary AS employee_salary,  m.employee_id AS manager_id,  m.first_name AS manager_first_name, m.last_name AS manager_last_name, m.salary AS manager_salary
 FROM  employee  
 e LEFT JOIN   employee m 
 on e.manager_id = m.employee_id ;
+-------------+---------------------+--------------------+-----------------+------------+--------------------+-------------------+----------------+
| employee_id | employee_first_name | employee_last_name | employee_salary | manager_id | manager_first_name | manager_last_name | manager_salary |
+-------------+---------------------+--------------------+-----------------+------------+--------------------+-------------------+----------------+
|         100 | Steven              | King               |           24000 |       NULL | NULL               | NULL              |           NULL |
|         101 | Neena               | Kochhar            |           17000 |        100 | Steven             | King              |          24000 |
|         102 | Lex                 | De Haan            |           17000 |        100 | Steven             | King              |          24000 |
|         103 | Alexander           | Hunold             |            9000 |        102 | Lex                | De Haan           |          17000 |
|         104 | Bruce               | Ernst              |            6000 |        103 | Alexander          | Hunold            |           9000 |
|         105 | David               | Austin             |            4800 |        103 | Alexander          | Hunold            |           9000 |
|         106 | Valli               | Pataballa          |            4800 |        103 | Alexander          | Hunold            |           9000 |
|         107 | Diana               | Lorentz            |            4200 |        103 | Alexander          | Hunold            |           9000 |
|         108 | Nancy               | Greenberg          |           12000 |        101 | Neena              | Kochhar           |          17000 |
|         109 | Daniel              | Faviet             |            9000 |        108 | Nancy              | Greenberg         |          12000 |
|         110 | John                | Chen               |            8200 |        108 | Nancy              | Greenberg         |          12000 |
|         111 | Ismael              | Sciarra            |            7700 |        108 | Nancy              | Greenberg         |          12000 |
|         112 | Jose Manuel         | Urman              |            7800 |        108 | Nancy              | Greenberg         |          12000 |
|         113 | Luis                | Popp               |            6900 |        108 | Nancy              | Greenberg         |          12000 |
|         114 | Den                 | Raphaely           |           11000 |        100 | Steven             | King              |          24000 |
|         115 | Alexander           | Khoo               |            3100 |        114 | Den                | Raphaely          |          11000 |
|         116 | Shelli              | Baida              |            2900 |        114 | Den                | Raphaely          |          11000 |
|         117 | Sigal               | Tobias             |            2800 |        114 | Den                | Raphaely          |          11000 |
|         118 | Guy                 | Himuro             |            2600 |        114 | Den                | Raphaely          |          11000 |
|         119 | Karen               | Colmenares         |            2500 |        114 | Den                | Raphaely          |          11000 |
|         120 | Matthew             | Weiss              |            8000 |        100 | Steven             | King              |          24000 |
|         121 | Adam                | Fripp              |            8200 |        100 | Steven             | King              |          24000 |
|         122 | Payam               | Kaufling           |            7900 |        100 | Steven             | King              |          24000 |
|         123 | Shanta              | Vollman            |            6500 |        100 | Steven             | King              |          24000 |
|         124 | Kevin               | Mourgos            |            5800 |        100 | Steven             | King              |          24000 |
|         125 | Julia               | Nayer              |            3200 |        120 | Matthew            | Weiss             |           8000 |
|         126 | Irene               | Mikkilineni        |            2700 |        120 | Matthew            | Weiss             |           8000 |
|         127 | James               | Landry             |            2400 |        120 | Matthew            | Weiss             |           8000 |
|         128 | Steven              | Markle             |            2200 |        120 | Matthew            | Weiss             |           8000 |
|         129 | Laura               | Bissot             |            3300 |        121 | Adam               | Fripp             |           8200 |
|         130 | Mozhe               | Atkinson           |            2800 |        121 | Adam               | Fripp             |           8200 |
+-------------+---------------------+--------------------+-----------------+------------+--------------------+-------------------+----------------+
31 rows in set (0.00 sec)

2.

SELECT m.employee_id AS manager_id, m.first_name AS manager_first_name, m.last_name AS manager_last_name, COUNT(e.employee_id) AS num_employee 
FROM employee e 
JOIN employee m 
ON e.manager_id = m.employee_id 
GROUP BY m.employee_id, m.first_name, m.last_name 
ORDER BY num_employee DESC;
+------------+--------------------+-------------------+--------------+
| manager_id | manager_first_name | manager_last_name | num_employee |
+------------+--------------------+-------------------+--------------+
|        100 | Steven             | King              |            8 |
|        108 | Nancy              | Greenberg         |            5 |
|        114 | Den                | Raphaely          |            5 |
|        103 | Alexander          | Hunold            |            4 |
|        120 | Matthew            | Weiss             |            4 |
|        121 | Adam               | Fripp             |            2 |
|        102 | Lex                | De Haan           |            1 |
|        101 | Neena              | Kochhar           |            1 |
+------------+--------------------+-------------------+--------------+
8 rows in set (0.00 sec)


3.
mysql> select d.department_name, d.department_id,count(e.employee_id) countofemployee from departments d
    -> left join employee e
    -> on d.department_id =e.department_id
    -> group by d.department_id,d.department_name
    -> order by d.department_id;
+----------------------+---------------+-----------------+
| department_name      | department_id | countofemployee |
+----------------------+---------------+-----------------+
| Marketing            |            20 |               2 |
| Purchasing           |            30 |               3 |
| Human Resources      |            40 |               3 |
| Shipping             |            50 |               7 |
| IT                   |            60 |               4 |
| Public Relations     |            70 |               1 |
| Sales                |            80 |               2 |
| Executive            |            90 |               1 |
| Finance              |           100 |               1 |
| Accounting           |           110 |               1 |
| Treasury             |           120 |               0 |
| Corporate Tax        |           130 |               1 |
| Control And Credit   |           140 |               1 |
| Shareholder Services |           150 |               1 |
| Benefits             |           160 |               1 |
| Payroll              |           170 |               2 |
+----------------------+---------------+-----------------+
16 rows in set (0.00 sec)

4.

mysql> select employee_id,first_name,last_name,salary from  employee
    -> where salary >(select avg(salary) from employee);
+-------------+-------------+-----------+--------+
| employee_id | first_name  | last_name | salary |
+-------------+-------------+-----------+--------+
|         100 | Steven      | King      |  24000 |
|         101 | Neena       | Kochhar   |  17000 |
|         102 | Lex         | De Haan   |  17000 |
|         103 | Alexander   | Hunold    |   9000 |
|         108 | Nancy       | Greenberg |  12000 |
|         109 | Daniel      | Faviet    |   9000 |
|         110 | John        | Chen      |   8200 |
|         111 | Ismael      | Sciarra   |   7700 |
|         112 | Jose Manuel | Urman     |   7800 |
|         114 | Den         | Raphaely  |  11000 |
|         120 | Matthew     | Weiss     |   8000 |
|         121 | Adam        | Fripp     |   8200 |
|         122 | Payam       | Kaufling  |   7900 |
+-------------+-------------+-----------+--------+
13 rows in set (0.00 sec)

5.
mysql> select max(salary) maxsalary ,department_name
    -> from employee
    -> inner join departments
    -> on employee.department_id= departments.department_id
    -> group by department_name;
+-----------+----------------------+
| maxsalary | department_name      |
+-----------+----------------------+
|     24000 | Marketing            |
|     17000 | Purchasing           |
|      9000 | IT                   |
|      7900 | Human Resources      |
|     12000 | Finance              |
|      9000 | Payroll              |
|      7700 | Benefits             |
|      7800 | Shareholder Services |
|      6900 | Control And Credit   |
|      5800 | Sales                |
|      2900 | Public Relations     |
|      2500 | Corporate Tax        |
|      8200 | Shipping             |
|      2400 | Executive            |
|      2800 | Accounting           |
+-----------+----------------------+
15 rows in set (0.00 sec)


6.
mysql> SELECT m.employee_id manager_id,
    ->        m.first_name  manager_first_name,
    ->          m.last_name  manager_last_name,
    ->         m.department_id  manager_department_id,
    ->         e.employee_id  employee_id,
    ->          e.first_name  employee_first_name,
    ->          e.last_name  employee_last_name,
    ->          e.department_id  employee_department_id FROM  employee m
    ->            JOIN  employee e ON m.employee_id = e.manager_id WHERE m.department_id <> e.department_id ORDER BY m.employee_id,
    ->          e.employee_id;
+------------+--------------------+-------------------+-----------------------+-------------+---------------------+--------------------+------------------------+
| manager_id | manager_first_name | manager_last_name | manager_department_id | employee_id | employee_first_name | employee_last_name | employee_department_id |
+------------+--------------------+-------------------+-----------------------+-------------+---------------------+--------------------+------------------------+
|        100 | Steven             | King              |                    20 |         102 | Lex                 | De Haan            |                     30 |
|        100 | Steven             | King              |                    20 |         114 | Den                 | Raphaely           |                     30 |
|        100 | Steven             | King              |                    20 |         120 | Matthew             | Weiss              |                     50 |
|        100 | Steven             | King              |                    20 |         121 | Adam                | Fripp              |                     50 |
|        100 | Steven             | King              |                    20 |         122 | Payam               | Kaufling           |                     40 |
|        100 | Steven             | King              |                    20 |         123 | Shanta              | Vollman            |                     50 |
|        100 | Steven             | King              |                    20 |         124 | Kevin               | Mourgos            |                     80 |
|        101 | Neena              | Kochhar           |                    20 |         108 | Nancy               | Greenberg          |                    100 |
|        102 | Lex                | De Haan           |                    30 |         103 | Alexander           | Hunold             |                     60 |
|        103 | Alexander          | Hunold            |                    60 |         106 | Valli               | Pataballa          |                     40 |
|        103 | Alexander          | Hunold            |                    60 |         107 | Diana               | Lorentz            |                     40 |
|        108 | Nancy              | Greenberg         |                   100 |         109 | Daniel              | Faviet             |                    170 |
|        108 | Nancy              | Greenberg         |                   100 |         110 | John                | Chen               |                    170 |
|        108 | Nancy              | Greenberg         |                   100 |         111 | Ismael              | Sciarra            |                    160 |
|        108 | Nancy              | Greenberg         |                   100 |         112 | Jose Manuel         | Urman              |                    150 |
|        108 | Nancy              | Greenberg         |                   100 |         113 | Luis                | Popp               |                    140 |
|        114 | Den                | Raphaely          |                    30 |         115 | Alexander           | Khoo               |                     80 |
|        114 | Den                | Raphaely          |                    30 |         116 | Shelli              | Baida              |                     70 |
|        114 | Den                | Raphaely          |                    30 |         118 | Guy                 | Himuro             |                     60 |
|        114 | Den                | Raphaely          |                    30 |         119 | Karen               | Colmenares         |                    130 |
|        120 | Matthew            | Weiss             |                    50 |         127 | James               | Landry             |                     90 |
|        121 | Adam               | Fripp             |                    50 |         130 | Mozhe               | Atkinson           |                    110 |
+------------+--------------------+-------------------+-----------------------+-------------+---------------------+--------------------+------------------------+
22 rows in set (0.00 sec)






===================================================================================================================================================================================================================================================================================================================================================



========================================================================================ASSIGNMET-4================================================================================================================================================================



1.
CREATE TABLE Student ( 
StdID INT(4) PRIMARY KEY, StdName VARCHAR(30) NOT NULL, Sex VARCHAR(10), Percentage DECIMAL(5,2), SClass INT ,  Sec VARCHAR(1), Stream VARCHAR(10), DOB DATE ); 

mysql> desc student;
+------------+--------------+------+-----+---------+-------+
| Field      | Type         | Null | Key | Default | Extra |
+------------+--------------+------+-----+---------+-------+
| StdID      | int          | NO   | PRI | NULL    |       |
| StdName    | varchar(30)  | NO   |     | NULL    |       |
| Sex        | varchar(10)  | YES  |     | NULL    |       |
| Percentage | decimal(5,2) | YES  |     | NULL    |       |
| SClass     | int          | YES  |     | NULL    |       |
| Sec        | varchar(1)   | YES  |     | NULL    |       |
| Stream     | varchar(10)  | YES  |     | NULL    |       |
| DOB        | date         | YES  |     | NULL    |       |
+------------+--------------+------+-----+---------+-------+





INSERT INTO Student VALUES (1001, "AKSHRA AGARWAL","FEMALE",70,11,"A","Science","1996/11/10"); 


INSERT INTO student (StdID, StdName, Sex, Percentage, sClass, Sec, Stream, DOB)
VALUES

(1002, 'ANJANI SHARMA', 'FEMALE', 75, 11, 'A', 'Commerce', '1996-09-18'),
(1003, 'ANSHUL SAXENA', 'MALE', 78, 11, 'A', 'Commerce', '1996-11-19'),
(1004, 'AISHWARYA SINGH', 'FEMALE', null, '11', 'A', 'Commerce', '1996-11-01'),
(1005, 'AKRITI SAXENA', 'FEMALE', 76, '11', 'A', 'Commerce', '1996-09-20'),
(1006, 'KHUSHI AGARWAL', 'FEMALE', null, '11', 'A', 'Commerce', '2003-09-14'),
(1007, 'MAAHI AGARWAL', 'FEMALE', null, '11', 'A', 'Science', '1997-04-21'),
(1008, 'MITALI GUPTA', 'FEMALE', 78, '12', 'A', 'Science', '1997-11-26'),
(1009, 'NIKUNJ AGARWAL', 'MALE', 58, '12', 'A', 'Science', '1997-07-12'),
(1010, 'PARKHI', 'FEMALE', 59, '12', 'A', 'Commerce', '1997-12-20'),
(1011, 'PRAKHAR TIWARI', 'MALE', 43, '12', 'A', 'Science', '1997-04-22'),
(1012, 'RAGHAV GANGWAR', 'MALE', 58, '12', 'A', 'Commerce', '1997-12-21'),
(1013, 'SAHIL SARASWAT', 'MALE', 57, '12', 'A', 'Commerce', '1997-08-13'),
(1014, 'SWATI MISHRA', 'FEMALE', null, '11', 'A', 'Science', '1996-08-13'),
(1015, 'HARSH AGARWAL', 'MALE', 58, '11', 'B', 'Science', '2003-08-28'),
(1016, 'HARSHIT KUMAR', 'MALE', 98, '11', 'B', 'Science', '2003-05-22'),
(1017, 'JAHANVI KAPOOR', 'MALE', 65, '11', 'B', 'Science', '1997-01-10'),
(1018, 'STUTI MISHRA', 'MALE', 66, '11', 'C', 'Commerce', '1996-10-01'),
(1019, 'SURYANSH KUMAR AGARWAL', 'MALE', 85, '11', 'C', 'Commerce', '2007-08-22'),
(1020, 'TANI RASTOGI', 'FEMALE', 75, '12', 'C', 'Commerce', '1998-01-15'),
(1021, 'TANISHK GUPTA', 'MALE', 55, '12', 'C', 'Science', '1998-04-11'),
(1022, 'TANMAY AGARWAL', 'MALE', 57, '11', 'C', 'Commerce', '1998-06-28'),
(1023, 'YASH SAXENA', 'MALE', 79, '11', 'C', 'Science', '1998-03-13'),
(1024, 'YESH DUBEY', 'MALE', 85, '12', 'C', 'Commerce', '1998-04-03');

1.

mysql> select * from student;
+-------+------------------------+--------+------------+--------+------+----------+------------+
| StdID | StdName                | Sex    | Percentage | SClass | Sec  | Stream   | DOB        |
+-------+------------------------+--------+------------+--------+------+----------+------------+
|  1001 | AKSHRA AGARWAL         | FEMALE |      70.00 |     11 | A    | Science  | 1996-11-10 |
|  1002 | ANJANI SHARMA          | FEMALE |      75.00 |     11 | A    | Commerce | 1996-09-18 |
|  1003 | ANSHUL SAXENA          | MALE   |      78.00 |     11 | A    | Commerce | 1996-11-19 |
|  1004 | AISHWARYA SINGH        | FEMALE |       NULL |     11 | A    | Commerce | 1996-11-01 |
|  1005 | AKRITI SAXENA          | FEMALE |      76.00 |     11 | A    | Commerce | 1996-09-20 |
|  1006 | KHUSHI AGARWAL         | FEMALE |       NULL |     11 | A    | Commerce | 2003-09-14 |
|  1007 | MAAHI AGARWAL          | FEMALE |       NULL |     11 | A    | Science  | 1997-04-21 |
|  1008 | MITALI GUPTA           | FEMALE |      78.00 |     12 | A    | Science  | 1997-11-26 |
|  1009 | NIKUNJ AGARWAL         | MALE   |      58.00 |     12 | A    | Science  | 1997-07-12 |
|  1010 | PARKHI                 | FEMALE |      59.00 |     12 | A    | Commerce | 1997-12-20 |
|  1011 | PRAKHAR TIWARI         | MALE   |      43.00 |     12 | A    | Science  | 1997-04-22 |
|  1012 | RAGHAV GANGWAR         | MALE   |      58.00 |     12 | A    | Commerce | 1997-12-21 |
|  1013 | SAHIL SARASWAT         | MALE   |      57.00 |     12 | A    | Commerce | 1997-08-13 |
|  1014 | SWATI MISHRA           | FEMALE |       NULL |     11 | A    | Science  | 1996-08-13 |
|  1015 | HARSH AGARWAL          | MALE   |      58.00 |     11 | B    | Science  | 2003-08-28 |
|  1016 | HARSHIT KUMAR          | MALE   |      98.00 |     11 | B    | Science  | 2003-05-22 |
|  1017 | JAHANVI KAPOOR         | MALE   |      65.00 |     11 | B    | Science  | 1997-01-10 |
|  1018 | STUTI MISHRA           | MALE   |      66.00 |     11 | C    | Commerce | 1996-10-01 |
|  1019 | SURYANSH KUMAR AGARWAL | MALE   |      85.00 |     11 | C    | Commerce | 2007-08-22 |
|  1020 | TANI RASTOGI           | FEMALE |      75.00 |     12 | C    | Commerce | 1998-01-15 |
|  1021 | TANISHK GUPTA          | MALE   |      55.00 |     12 | C    | Science  | 1998-04-11 |
|  1022 | TANMAY AGARWAL         | MALE   |      57.00 |     11 | C    | Commerce | 1998-06-28 |
|  1023 | YASH SAXENA            | MALE   |      79.00 |     11 | C    | Science  | 1998-03-13 |
|  1024 | YESH DUBEY             | MALE   |      85.00 |     12 | C    | Commerce | 1998-04-03 |
+-------+------------------------+--------+------------+--------+------+----------+------------+

2.
mysql> select stdname,dob from student;
+------------------------+------------+
| stdname                | dob        |
+------------------------+------------+
| AKSHRA AGARWAL         | 1996-11-10 |
| ANJANI SHARMA          | 1996-09-18 |
| ANSHUL SAXENA          | 1996-11-19 |
| AISHWARYA SINGH        | 1996-11-01 |
| AKRITI SAXENA          | 1996-09-20 |
| KHUSHI AGARWAL         | 2003-09-14 |
| MAAHI AGARWAL          | 1997-04-21 |
| MITALI GUPTA           | 1997-11-26 |
| NIKUNJ AGARWAL         | 1997-07-12 |
| PARKHI                 | 1997-12-20 |
| PRAKHAR TIWARI         | 1997-04-22 |
| RAGHAV GANGWAR         | 1997-12-21 |
| SAHIL SARASWAT         | 1997-08-13 |
| SWATI MISHRA           | 1996-08-13 |
| HARSH AGARWAL          | 2003-08-28 |
| HARSHIT KUMAR          | 2003-05-22 |
| JAHANVI KAPOOR         | 1997-01-10 |
| STUTI MISHRA           | 1996-10-01 |
| SURYANSH KUMAR AGARWAL | 2007-08-22 |
| TANI RASTOGI           | 1998-01-15 |
| TANISHK GUPTA          | 1998-04-11 |
| TANMAY AGARWAL         | 1998-06-28 |
| YASH SAXENA            | 1998-03-13 |
| YESH DUBEY             | 1998-04-03 |
+------------------------+------------+
24 rows in set (0.00 sec)

3.
mysql> select * from student where percentage >80;
+-------+------------------------+------+------------+--------+------+----------+------------+
| StdID | StdName                | Sex  | Percentage | SClass | Sec  | Stream   | DOB        |
+-------+------------------------+------+------------+--------+------+----------+------------+
|  1016 | HARSHIT KUMAR          | MALE |      98.00 |     11 | B    | Science  | 2003-05-22 |
|  1019 | SURYANSH KUMAR AGARWAL | MALE |      85.00 |     11 | C    | Commerce | 2007-08-22 |
|  1024 | YESH DUBEY             | MALE |      85.00 |     12 | C    | Commerce | 1998-04-03 |
+-------+------------------------+------+------------+--------+------+----------+------------+
3 rows in set (0.04 sec)

4.

mysql> select stdname,stream,percentage from student where percentage >80;
+------------------------+----------+------------+
| stdname                | stream   | percentage |
+------------------------+----------+------------+
| HARSHIT KUMAR          | Science  |      98.00 |
| SURYANSH KUMAR AGARWAL | Commerce |      85.00 |
| YESH DUBEY             | Commerce |      85.00 |
+------------------------+----------+------------+
3 rows in set (0.00 sec)


5.



mysql> select * from student where stream="science" and  percentage >75;
+-------+---------------+--------+------------+--------+------+---------+------------+
| StdID | StdName       | Sex    | Percentage | SClass | Sec  | Stream  | DOB        |
+-------+---------------+--------+------------+--------+------+---------+------------+
|  1008 | MITALI GUPTA  | FEMALE |      78.00 |     12 | A    | Science | 1997-11-26 |
|  1016 | HARSHIT KUMAR | MALE   |      98.00 |     11 | B    | Science | 2003-05-22 |
|  1023 | YASH SAXENA   | MALE   |      79.00 |     11 | C    | Science | 1998-03-13 |
+-------+---------------+--------+------------+--------+------+---------+------------+
3 rows in set (0.01 sec)



(3)

1.

mysql> describe student;
+------------+--------------+------+-----+---------+-------+
| Field      | Type         | Null | Key | Default | Extra |
+------------+--------------+------+-----+---------+-------+
| StdID      | int          | NO   | PRI | NULL    |       |
| StdName    | varchar(30)  | NO   |     | NULL    |       |
| Sex        | varchar(10)  | YES  |     | NULL    |       |
| Percentage | decimal(5,2) | YES  |     | NULL    |       |
| SClass     | int          | YES  |     | NULL    |       |
| Sec        | varchar(1)   | YES  |     | NULL    |       |
| Stream     | varchar(10)  | YES  |     | NULL    |       |
| DOB        | date         | YES  |     | NULL    |       |
+------------+--------------+------+-----+---------+-------+
8 rows in set (0.00 sec)

2.

mysql> alter table student add TeacherID varchar(20);
Query OK, 0 rows affected (0.32 sec)
Records: 0  Duplicates: 0  Warnings: 0

mysql> describe student;
+------------+--------------+------+-----+---------+-------+
| Field      | Type         | Null | Key | Default | Extra |
+------------+--------------+------+-----+---------+-------+
| StdID      | int          | NO   | PRI | NULL    |       |
| StdName    | varchar(30)  | NO   |     | NULL    |       |
| Sex        | varchar(10)  | YES  |     | NULL    |       |
| Percentage | decimal(5,2) | YES  |     | NULL    |       |
| SClass     | int          | YES  |     | NULL    |       |
| Sec        | varchar(1)   | YES  |     | NULL    |       |
| Stream     | varchar(10)  | YES  |     | NULL    |       |
| DOB        | date         | YES  |     | NULL    |       |
| TeacherID  | varchar(20)  | YES  |     | NULL    |       |
+------------+--------------+------+-----+---------+-------+
9 rows in set (0.00 sec)

3.

mysql> select * from student;
+-------+------------------------+--------+------------+--------+------+----------+------------+-----------+
| StdID | StdName                | Sex    | Percentage | SClass | Sec  | Stream   | DOB        | TeacherID |
+-------+------------------------+--------+------------+--------+------+----------+------------+-----------+
|  1001 | AKSHRA AGARWAL         | FEMALE |      70.00 |     11 | A    | Science  | 1996-11-10 | NULL      |
|  1002 | ANJANI SHARMA          | FEMALE |      75.00 |     11 | A    | Commerce | 1996-09-18 | NULL      |
|  1003 | ANSHUL SAXENA          | MALE   |      78.00 |     11 | A    | Commerce | 1996-11-19 | NULL      |
|  1004 | AISHWARYA SINGH        | FEMALE |       NULL |     11 | A    | Commerce | 1996-11-01 | NULL      |
|  1005 | AKRITI SAXENA          | FEMALE |      76.00 |     11 | A    | Commerce | 1996-09-20 | NULL      |
|  1006 | KHUSHI AGARWAL         | FEMALE |       NULL |     11 | A    | Commerce | 2003-09-14 | NULL      |
|  1007 | MAAHI AGARWAL          | FEMALE |       NULL |     11 | A    | Science  | 1997-04-21 | NULL      |
|  1008 | MITALI GUPTA           | FEMALE |      78.00 |     12 | A    | Science  | 1997-11-26 | NULL      |
|  1009 | NIKUNJ AGARWAL         | MALE   |      58.00 |     12 | A    | Science  | 1997-07-12 | NULL      |
|  1010 | PARKHI                 | FEMALE |      59.00 |     12 | A    | Commerce | 1997-12-20 | NULL      |
|  1011 | PRAKHAR TIWARI         | MALE   |      43.00 |     12 | A    | Science  | 1997-04-22 | NULL      |
|  1012 | RAGHAV GANGWAR         | MALE   |      58.00 |     12 | A    | Commerce | 1997-12-21 | NULL      |
|  1013 | SAHIL SARASWAT         | MALE   |      57.00 |     12 | A    | Commerce | 1997-08-13 | NULL      |
|  1014 | SWATI MISHRA           | FEMALE |       NULL |     11 | A    | Science  | 1996-08-13 | NULL      |
|  1015 | HARSH AGARWAL          | MALE   |      58.00 |     11 | B    | Science  | 2003-08-28 | NULL      |
|  1016 | HARSHIT KUMAR          | MALE   |      98.00 |     11 | B    | Science  | 2003-05-22 | NULL      |
|  1017 | JAHANVI KAPOOR         | MALE   |      65.00 |     11 | B    | Science  | 1997-01-10 | NULL      |
|  1018 | STUTI MISHRA           | MALE   |      66.00 |     11 | C    | Commerce | 1996-10-01 | NULL      |
|  1019 | SURYANSH KUMAR AGARWAL | MALE   |      85.00 |     11 | C    | Commerce | 2007-08-22 | NULL      |
|  1020 | TANI RASTOGI           | FEMALE |      75.00 |     12 | C    | Commerce | 1998-01-15 | NULL      |
|  1021 | TANISHK GUPTA          | MALE   |      55.00 |     12 | C    | Science  | 1998-04-11 | NULL      |
|  1022 | TANMAY AGARWAL         | MALE   |      57.00 |     11 | C    | Commerce | 1998-06-28 | NULL      |
|  1023 | YASH SAXENA            | MALE   |      79.00 |     11 | C    | Science  | 1998-03-13 | NULL      |
|  1024 | YESH DUBEY             | MALE   |      85.00 |     12 | C    | Commerce | 1998-04-03 | NULL      |
+-------+------------------------+--------+------------+--------+------+----------+------------+-----------+
24 rows in set (0.00 sec)


4.

mysql> alter table student modify TeacherID integer ;
Query OK, 24 rows affected (0.31 sec)
Records: 24  Duplicates: 0  Warnings: 0

mysql> describe student;
+------------+--------------+------+-----+---------+-------+
| Field      | Type         | Null | Key | Default | Extra |
+------------+--------------+------+-----+---------+-------+
| StdID      | int          | NO   | PRI | NULL    |       |
| StdName    | varchar(30)  | NO   |     | NULL    |       |
| Sex        | varchar(10)  | YES  |     | NULL    |       |
| Percentage | decimal(5,2) | YES  |     | NULL    |       |
| SClass     | int          | YES  |     | NULL    |       |
| Sec        | varchar(1)   | YES  |     | NULL    |       |
| Stream     | varchar(10)  | YES  |     | NULL    |       |
| DOB        | date         | YES  |     | NULL    |       |
| TeacherID  | int          | YES  |     | NULL    |       |
+------------+--------------+------+-----+---------+-------+
9 rows in set (0.00 sec)

mysql> select * from student ;
+-------+------------------------+--------+------------+--------+------+----------+------------+-----------+
| StdID | StdName                | Sex    | Percentage | SClass | Sec  | Stream   | DOB        | TeacherID |
+-------+------------------------+--------+------------+--------+------+----------+------------+-----------+
|  1001 | AKSHRA AGARWAL         | FEMALE |      70.00 |     11 | A    | Science  | 1996-11-10 |      NULL |
|  1002 | ANJANI SHARMA          | FEMALE |      75.00 |     11 | A    | Commerce | 1996-09-18 |      NULL |
|  1003 | ANSHUL SAXENA          | MALE   |      78.00 |     11 | A    | Commerce | 1996-11-19 |      NULL |
|  1004 | AISHWARYA SINGH        | FEMALE |       NULL |     11 | A    | Commerce | 1996-11-01 |      NULL |
|  1005 | AKRITI SAXENA          | FEMALE |      76.00 |     11 | A    | Commerce | 1996-09-20 |      NULL |
|  1006 | KHUSHI AGARWAL         | FEMALE |       NULL |     11 | A    | Commerce | 2003-09-14 |      NULL |
|  1007 | MAAHI AGARWAL          | FEMALE |       NULL |     11 | A    | Science  | 1997-04-21 |      NULL |
|  1008 | MITALI GUPTA           | FEMALE |      78.00 |     12 | A    | Science  | 1997-11-26 |      NULL |
|  1009 | NIKUNJ AGARWAL         | MALE   |      58.00 |     12 | A    | Science  | 1997-07-12 |      NULL |
|  1010 | PARKHI                 | FEMALE |      59.00 |     12 | A    | Commerce | 1997-12-20 |      NULL |
|  1011 | PRAKHAR TIWARI         | MALE   |      43.00 |     12 | A    | Science  | 1997-04-22 |      NULL |
|  1012 | RAGHAV GANGWAR         | MALE   |      58.00 |     12 | A    | Commerce | 1997-12-21 |      NULL |
|  1013 | SAHIL SARASWAT         | MALE   |      57.00 |     12 | A    | Commerce | 1997-08-13 |      NULL |
|  1014 | SWATI MISHRA           | FEMALE |       NULL |     11 | A    | Science  | 1996-08-13 |      NULL |
|  1015 | HARSH AGARWAL          | MALE   |      58.00 |     11 | B    | Science  | 2003-08-28 |      NULL |
|  1016 | HARSHIT KUMAR          | MALE   |      98.00 |     11 | B    | Science  | 2003-05-22 |      NULL |
|  1017 | JAHANVI KAPOOR         | MALE   |      65.00 |     11 | B    | Science  | 1997-01-10 |      NULL |
|  1018 | STUTI MISHRA           | MALE   |      66.00 |     11 | C    | Commerce | 1996-10-01 |      NULL |
|  1019 | SURYANSH KUMAR AGARWAL | MALE   |      85.00 |     11 | C    | Commerce | 2007-08-22 |      NULL |
|  1020 | TANI RASTOGI           | FEMALE |      75.00 |     12 | C    | Commerce | 1998-01-15 |      NULL |
|  1021 | TANISHK GUPTA          | MALE   |      55.00 |     12 | C    | Science  | 1998-04-11 |      NULL |
|  1022 | TANMAY AGARWAL         | MALE   |      57.00 |     11 | C    | Commerce | 1998-06-28 |      NULL |
|  1023 | YASH SAXENA            | MALE   |      79.00 |     11 | C    | Science  | 1998-03-13 |      NULL |
|  1024 | YESH DUBEY             | MALE   |      85.00 |     12 | C    | Commerce | 1998-04-03 |      NULL |
+-------+------------------------+--------+------------+--------+------+----------+------------+-----------+
24 rows in set (0.00 sec)

(4)
1.
mysql> alter table student drop teacherid;
Query OK, 0 rows affected (0.05 sec)
Records: 0  Duplicates: 0  Warnings: 0

mysql>
mysql>
mysql> desc student;
+------------+--------------+------+-----+---------+-------+
| Field      | Type         | Null | Key | Default | Extra |
+------------+--------------+------+-----+---------+-------+
| StdID      | int          | NO   | PRI | NULL    |       |
| StdName    | varchar(30)  | NO   |     | NULL    |       |
| Sex        | varchar(10)  | YES  |     | NULL    |       |
| Percentage | decimal(5,2) | YES  |     | NULL    |       |
| SClass     | int          | YES  |     | NULL    |       |
| Sec        | varchar(1)   | YES  |     | NULL    |       |
| Stream     | varchar(10)  | YES  |     | NULL    |       |
| DOB        | date         | YES  |     | NULL    |       |
+------------+--------------+------+-----+---------+-------+
8 rows in set (0.00 sec)

2.

mysql> select stdname,percentage-5 from student;
+------------------------+--------------+
| stdname                | percentage-5 |
+------------------------+--------------+
| AKSHRA AGARWAL         |        65.00 |
| ANJANI SHARMA          |        70.00 |
| ANSHUL SAXENA          |        73.00 |
| AISHWARYA SINGH        |         NULL |
| AKRITI SAXENA          |        71.00 |
| KHUSHI AGARWAL         |         NULL |
| MAAHI AGARWAL          |         NULL |
| MITALI GUPTA           |        73.00 |
| NIKUNJ AGARWAL         |        53.00 |
| PARKHI                 |        54.00 |
| PRAKHAR TIWARI         |        38.00 |
| RAGHAV GANGWAR         |        53.00 |
| SAHIL SARASWAT         |        52.00 |
| SWATI MISHRA           |         NULL |
| HARSH AGARWAL          |        53.00 |
| HARSHIT KUMAR          |        93.00 |
| JAHANVI KAPOOR         |        60.00 |
| STUTI MISHRA           |        61.00 |
| SURYANSH KUMAR AGARWAL |        80.00 |
| TANI RASTOGI           |        70.00 |
| TANISHK GUPTA          |        50.00 |
| TANMAY AGARWAL         |        52.00 |
| YASH SAXENA            |        74.00 |
| YESH DUBEY             |        80.00 |
+------------------------+--------------+
24 rows in set (0.00 sec)


3.

mysql> select stdname as studentname, dob as dateofbirth from student;
+------------------------+-------------+
| studentname            | dateofbirth |
+------------------------+-------------+
| AKSHRA AGARWAL         | 1996-11-10  |
| ANJANI SHARMA          | 1996-09-18  |
| ANSHUL SAXENA          | 1996-11-19  |
| AISHWARYA SINGH        | 1996-11-01  |
| AKRITI SAXENA          | 1996-09-20  |
| KHUSHI AGARWAL         | 2003-09-14  |
| MAAHI AGARWAL          | 1997-04-21  |
| MITALI GUPTA           | 1997-11-26  |
| NIKUNJ AGARWAL         | 1997-07-12  |
| PARKHI                 | 1997-12-20  |
| PRAKHAR TIWARI         | 1997-04-22  |
| RAGHAV GANGWAR         | 1997-12-21  |
| SAHIL SARASWAT         | 1997-08-13  |
| SWATI MISHRA           | 1996-08-13  |
| HARSH AGARWAL          | 2003-08-28  |
| HARSHIT KUMAR          | 2003-05-22  |
| JAHANVI KAPOOR         | 1997-01-10  |
| STUTI MISHRA           | 1996-10-01  |
| SURYANSH KUMAR AGARWAL | 2007-08-22  |
| TANI RASTOGI           | 1998-01-15  |
| TANISHK GUPTA          | 1998-04-11  |
| TANMAY AGARWAL         | 1998-06-28  |
| YASH SAXENA            | 1998-03-13  |
| YESH DUBEY             | 1998-04-03  |
+------------------------+-------------+
24 rows in set (0.00 sec)

4.

mysql> select stdname,stream from student where stream<>"Science";
+------------------------+----------+
| stdname                | stream   |
+------------------------+----------+
| ANJANI SHARMA          | Commerce |
| ANSHUL SAXENA          | Commerce |
| AISHWARYA SINGH        | Commerce |
| AKRITI SAXENA          | Commerce |
| KHUSHI AGARWAL         | Commerce |
| PARKHI                 | Commerce |
| RAGHAV GANGWAR         | Commerce |
| SAHIL SARASWAT         | Commerce |
| STUTI MISHRA           | Commerce |
| SURYANSH KUMAR AGARWAL | Commerce |
| TANI RASTOGI           | Commerce |
| TANMAY AGARWAL         | Commerce |
| YESH DUBEY             | Commerce |
+------------------------+----------+
13 rows in set (0.00 sec)


5.

mysql> select stdname,percentage from student where percentage >=60 and percentage <=80;
+----------------+------------+
| stdname        | percentage |
+----------------+------------+
| AKSHRA AGARWAL |      70.00 |
| ANJANI SHARMA  |      75.00 |
| ANSHUL SAXENA  |      78.00 |
| AKRITI SAXENA  |      76.00 |
| MITALI GUPTA   |      78.00 |
| JAHANVI KAPOOR |      65.00 |
| STUTI MISHRA   |      66.00 |
| TANI RASTOGI   |      75.00 |
| YASH SAXENA    |      79.00 |
+----------------+------------+
9 rows in set (0.00 sec)


(5)
1.

mysql> update student set stdname="SWATIVERMA",percentage=86 where stdid=1014;
Query OK, 1 row affected (0.07 sec)
Rows matched: 1  Changed: 1  Warnings: 0

mysql> select stdname,percentage,stdid from student;\
+------------------------+------------+-------+
| stdname                | percentage | stdid |
+------------------------+------------+-------+
| AKSHRA AGARWAL         |      70.00 |  1001 |
| ANJANI SHARMA          |      75.00 |  1002 |
| ANSHUL SAXENA          |      78.00 |  1003 |
| AISHWARYA SINGH        |       NULL |  1004 |
| AKRITI SAXENA          |      76.00 |  1005 |
| KHUSHI AGARWAL         |       NULL |  1006 |
| MAAHI AGARWAL          |       NULL |  1007 |
| MITALI GUPTA           |      78.00 |  1008 |
| NIKUNJ AGARWAL         |      58.00 |  1009 |
| PARKHI                 |      59.00 |  1010 |
| PRAKHAR TIWARI         |      43.00 |  1011 |
| RAGHAV GANGWAR         |      58.00 |  1012 |
| SAHIL SARASWAT         |      57.00 |  1013 |
| SWATIVERMA             |      86.00 |  1014 |
| HARSH AGARWAL          |      58.00 |  1015 |
| HARSHIT KUMAR          |      98.00 |  1016 |
| JAHANVI KAPOOR         |      65.00 |  1017 |
| STUTI MISHRA           |      66.00 |  1018 |
| SURYANSH KUMAR AGARWAL |      85.00 |  1019 |
| TANI RASTOGI           |      75.00 |  1020 |
| TANISHK GUPTA          |      55.00 |  1021 |
| TANMAY AGARWAL         |      57.00 |  1022 |
| YASH SAXENA            |      79.00 |  1023 |
| YESH DUBEY             |      85.00 |  1024 |
+------------------------+------------+-------+
24 rows in set (0.00 sec)



2.
mysql> delete from student where stdid=1016;
Query OK, 1 row affected (0.04 sec)

mysql> select stdname,percentage,stdid from student;
+------------------------+------------+-------+
| stdname                | percentage | stdid |
+------------------------+------------+-------+
| AKSHRA AGARWAL         |      70.00 |  1001 |
| ANJANI SHARMA          |      75.00 |  1002 |
| ANSHUL SAXENA          |      78.00 |  1003 |
| AISHWARYA SINGH        |       NULL |  1004 |
| AKRITI SAXENA          |      76.00 |  1005 |
| KHUSHI AGARWAL         |       NULL |  1006 |
| MAAHI AGARWAL          |       NULL |  1007 |
| MITALI GUPTA           |      78.00 |  1008 |
| NIKUNJ AGARWAL         |      58.00 |  1009 |
| PARKHI                 |      59.00 |  1010 |
| PRAKHAR TIWARI         |      43.00 |  1011 |
| RAGHAV GANGWAR         |      58.00 |  1012 |
| SAHIL SARASWAT         |      57.00 |  1013 |
| SWATIVERMA             |      86.00 |  1014 |
| HARSH AGARWAL          |      58.00 |  1015 |
| JAHANVI KAPOOR         |      65.00 |  1017 |
| STUTI MISHRA           |      66.00 |  1018 |
| SURYANSH KUMAR AGARWAL |      85.00 |  1019 |
| TANI RASTOGI           |      75.00 |  1020 |
| TANISHK GUPTA          |      55.00 |  1021 |
| TANMAY AGARWAL         |      57.00 |  1022 |
| YASH SAXENA            |      79.00 |  1023 |
| YESH DUBEY             |      85.00 |  1024 |
+------------------------+------------+-------+
23 rows in set (0.00 sec)

3.

mysql> select *from student where  stdname LIKE  'G_';
Empty set (0.00 sec)

mysql> select *from student where  stdname =  'G';
Empty set (0.00 sec)

mysql> select *from student where  stdname LIKE  'G%';
Empty set (0.00 sec)

mysql> select *from student where  stdname = '%G%';
Empty set (0.00 sec)

mysql> select *from student where  stdname LIKE '%G%';
+-------+------------------------+--------+------------+--------+------+----------+------------+
| StdID | StdName                | Sex    | Percentage | SClass | Sec  | Stream   | DOB        |
+-------+------------------------+--------+------------+--------+------+----------+------------+
|  1001 | AKSHRA AGARWAL         | FEMALE |      70.00 |     11 | A    | Science  | 1996-11-10 |
|  1004 | AISHWARYA SINGH        | FEMALE |       NULL |     11 | A    | Commerce | 1996-11-01 |
|  1006 | KHUSHI AGARWAL         | FEMALE |       NULL |     11 | A    | Commerce | 2003-09-14 |
|  1007 | MAAHI AGARWAL          | FEMALE |       NULL |     11 | A    | Science  | 1997-04-21 |
|  1008 | MITALI GUPTA           | FEMALE |      78.00 |     12 | A    | Science  | 1997-11-26 |
|  1009 | NIKUNJ AGARWAL         | MALE   |      58.00 |     12 | A    | Science  | 1997-07-12 |
|  1012 | RAGHAV GANGWAR         | MALE   |      58.00 |     12 | A    | Commerce | 1997-12-21 |
|  1015 | HARSH AGARWAL          | MALE   |      58.00 |     11 | B    | Science  | 2003-08-28 |
|  1019 | SURYANSH KUMAR AGARWAL | MALE   |      85.00 |     11 | C    | Commerce | 2007-08-22 |
|  1020 | TANI RASTOGI           | FEMALE |      75.00 |     12 | C    | Commerce | 1998-01-15 |
|  1021 | TANISHK GUPTA          | MALE   |      55.00 |     12 | C    | Science  | 1998-04-11 |
|  1022 | TANMAY AGARWAL         | MALE   |      57.00 |     11 | C    | Commerce | 1998-06-28 |
+-------+------------------------+--------+------------+--------+------+----------+------------+
12 rows in set (0.00 sec)

4.

mysql> select distinct stream from student ;
+----------+
| stream   |
+----------+
| Science  |
| Commerce |
+----------+
2 rows in set (0.02 sec)

5.


mysql> SELECT StdName, Sex, Stream FROM Student WHERE percentage BETWEEN 70 AND 80;
+----------------+--------+----------+
| StdName        | Sex    | Stream   |
+----------------+--------+----------+
| AKSHRA AGARWAL | FEMALE | Science  |
| ANJANI SHARMA  | FEMALE | Commerce |
| ANSHUL SAXENA  | MALE   | Commerce |
| AKRITI SAXENA  | FEMALE | Commerce |
| MITALI GUPTA   | FEMALE | Science  |
| TANI RASTOGI   | FEMALE | Commerce |
| YASH SAXENA    | MALE   | Science  |
+----------------+--------+----------+
7 rows in set (0.03 sec)




*********  SELF   ********


mysql> CREATE TABLE Empl (
    ->     empno INT PRIMARY KEY,
    ->     ename VARCHAR(50),
    ->     job VARCHAR(50),
    ->     mgr INT,
    ->     hiredate DATE,
    ->     sal DECIMAL(10, 2),
    ->     comm DECIMAL(10, 2),
    ->     deptno INT
    -> );
Query OK, 0 rows affected (0.20 sec)

mysql> desc empl;
+----------+---------------+------+-----+---------+-------+
| Field    | Type          | Null | Key | Default | Extra |
+----------+---------------+------+-----+---------+-------+
| empno    | int           | NO   | PRI | NULL    |       |
| ename    | varchar(50)   | YES  |     | NULL    |       |
| job      | varchar(50)   | YES  |     | NULL    |       |
| mgr      | int           | YES  |     | NULL    |       |
| hiredate | date          | YES  |     | NULL    |       |
| sal      | decimal(10,2) | YES  |     | NULL    |       |
| comm     | decimal(10,2) | YES  |     | NULL    |       |
| deptno   | int           | YES  |     | NULL    |       |
+----------+---------------+------+-----+---------+-------+
8 rows in set (0.00 sec)



INSERT INTO Empl VALUES (8369, 'SMITH', 'CLERK', 8902, '1990-12-18', 800.00, NULL, 20);
INSERT INTO Empl VALUES (8499, 'ANYA', 'SALESMAN', 8698, '1991-02-20', 1600.00, 300.00, 30);
INSERT INTO Empl VALUES (8521, 'SETH', 'SALESMAN', 8698, '1991-02-22', 1250.00, 500.00, 30);
INSERT INTO Empl VALUES (8566, 'MAHADEVAN', 'MANAGER', 8839, '1991-04-02', 2985.00, NULL, 20);
INSERT INTO Empl VALUES (8654, 'MOMIN', 'SALESMAN', 8698, '1991-09-28', 1250.00, 1400.00, 30);
INSERT INTO Empl VALUES (8698, 'BINA', 'MANAGER', 8839, '1991-05-01', 2850.00, NULL, 30);
INSERT INTO Empl VALUES (8839, 'SHIVANSH', 'MANAGER', 8839, '1991-06-09', 2450.00, NULL, 10);
INSERT INTO Empl VALUES (8882, 'SCOTT', 'ANALYST', 8566, '1992-12-09', 3000.00, NULL, 20);
INSERT INTO Empl VALUES (8888, 'AMIR', 'PRESIDENT', NULL, '1991-11-18', 5000.00, NULL, 10);
INSERT INTO Empl VALUES (8844, 'KULDEEP', 'SALESMAN', 8698, '1991-09-08', 1500.00, 0.00, 30);



mysql> select * from empl;
+-------+-----------+-----------+------+------------+---------+---------+--------+
| empno | ename     | job       | mgr  | hiredate   | sal     | comm    | deptno |
+-------+-----------+-----------+------+------------+---------+---------+--------+
|  8369 | SMITH     | CLERK     | 8902 | 1990-12-18 |  800.00 |    NULL |     20 |
|  8499 | ANYA      | SALESMAN  | 8698 | 1991-02-20 | 1600.00 |  300.00 |     30 |
|  8521 | SETH      | SALESMAN  | 8698 | 1991-02-22 | 1250.00 |  500.00 |     30 |
|  8566 | MAHADEVAN | MANAGER   | 8839 | 1991-04-02 | 2985.00 |    NULL |     20 |
|  8654 | MOMIN     | SALESMAN  | 8698 | 1991-09-28 | 1250.00 | 1400.00 |     30 |
|  8698 | BINA      | MANAGER   | 8839 | 1991-05-01 | 2850.00 |    NULL |     30 |
|  8839 | SHIVANSH  | MANAGER   | 8839 | 1991-06-09 | 2450.00 |    NULL |     10 |
|  8844 | KULDEEP   | SALESMAN  | 8698 | 1991-09-08 | 1500.00 |    0.00 |     30 |
|  8882 | SCOTT     | ANALYST   | 8566 | 1992-12-09 | 3000.00 |    NULL |     20 |
|  8888 | AMIR      | PRESIDENT | NULL | 1991-11-18 | 5000.00 |    NULL |     10 |
+-------+-----------+-----------+------+------------+---------+---------+--------+
10 rows in set (0.00 sec)

a.

mysql> select ename,sal from empl where sal>2200;\
+-----------+---------+
| ename     | sal     |
+-----------+---------+
| MAHADEVAN | 2985.00 |
| BINA      | 2850.00 |
| SHIVANSH  | 2450.00 |
| SCOTT     | 3000.00 |
| AMIR      | 5000.00 |
+-----------+---------+
5 rows in set (0.00 sec)

b.
mysql> select * from empl where comm is null;
+-------+-----------+-----------+------+------------+---------+------+--------+
| empno | ename     | job       | mgr  | hiredate   | sal     | comm | deptno |
+-------+-----------+-----------+------+------------+---------+------+--------+
|  8369 | SMITH     | CLERK     | 8902 | 1990-12-18 |  800.00 | NULL |     20 |
|  8566 | MAHADEVAN | MANAGER   | 8839 | 1991-04-02 | 2985.00 | NULL |     20 |
|  8698 | BINA      | MANAGER   | 8839 | 1991-05-01 | 2850.00 | NULL |     30 |
|  8839 | SHIVANSH  | MANAGER   | 8839 | 1991-06-09 | 2450.00 | NULL |     10 |
|  8882 | SCOTT     | ANALYST   | 8566 | 1992-12-09 | 3000.00 | NULL |     20 |
|  8888 | AMIR      | PRESIDENT | NULL | 1991-11-18 | 5000.00 | NULL |     10 |
+-------+-----------+-----------+------+------------+---------+------+--------+
6 rows in set (0.00 sec)

c.


mysql> select ename ,sal from empl where sal <2500 or sal > 4000;
+----------+---------+
| ename    | sal     |
+----------+---------+
| SMITH    |  800.00 |
| ANYA     | 1600.00 |
| SETH     | 1250.00 |
| MOMIN    | 1250.00 |
| SHIVANSH | 2450.00 |
| KULDEEP  | 1500.00 |
| AMIR     | 5000.00 |
+----------+---------+
7 rows in set (0.00 sec)

d.

mysql> select ename,job,sal from empl where mgr is null;
+-------+-----------+---------+
| ename | job       | sal     |
+-------+-----------+---------+
| AMIR  | PRESIDENT | 5000.00 |
+-------+-----------+---------+
1 row in set (0.00 sec)

e.



mysql> select ename from empl where ename like "__A%";
Empty set (0.00 sec)



f.



mysql> select ename from empl where ename like "%T";
+-------+
| ename |
+-------+
| SCOTT |
+-------+
1 row in set (0.00 sec)

g.


mysql> select ename from empl where ename like "M_L%";
Empty set (0.00 sec)

h.


mysql> select empno,ename,job,mgr,comm,hiredate,sal,
    -> case
    -> when comm is null then "Not_Given"
    -> else comm
    -> end  as comm
    -> from empl;
+-------+-----------+-----------+------+---------+------------+---------+-----------+
| empno | ename     | job       | mgr  | comm    | hiredate   | sal     | comm      |
+-------+-----------+-----------+------+---------+------------+---------+-----------+
|  8369 | SMITH     | CLERK     | 8902 |    NULL | 1990-12-18 |  800.00 | Not_Given |
|  8499 | ANYA      | SALESMAN  | 8698 |  300.00 | 1991-02-20 | 1600.00 | 300.00    |
|  8521 | SETH      | SALESMAN  | 8698 |  500.00 | 1991-02-22 | 1250.00 | 500.00    |
|  8566 | MAHADEVAN | MANAGER   | 8839 |    NULL | 1991-04-02 | 2985.00 | Not_Given |
|  8654 | MOMIN     | SALESMAN  | 8698 | 1400.00 | 1991-09-28 | 1250.00 | 1400.00   |
|  8698 | BINA      | MANAGER   | 8839 |    NULL | 1991-05-01 | 2850.00 | Not_Given |
|  8839 | SHIVANSH  | MANAGER   | 8839 |    NULL | 1991-06-09 | 2450.00 | Not_Given |
|  8844 | KULDEEP   | SALESMAN  | 8698 |    0.00 | 1991-09-08 | 1500.00 | 0.00      |
|  8882 | SCOTT     | ANALYST   | 8566 |    NULL | 1992-12-09 | 3000.00 | Not_Given |
|  8888 | AMIR      | PRESIDENT | NULL |    NULL | 1991-11-18 | 5000.00 | Not_Given |
+-------+-----------+-----------+------+---------+------------+---------+-----------+
10 rows in set (0.00 sec)


==========================================================================================================================================================================================================================================================================




